[
  {
    "id": "s1",
    "query": "咳嗽到腹肌疼",
    "title": "感冒咳嗽引起的腹肌疼痛，是怎么回事？",
    "label": "2"
  },
  {
    "id": "s2",
    "query": "烂牙神经的药对怀孕胚胎",
    "title": "怀孕两个月治疗牙齿烂牙神经用了含砷失活剂 怀孕两个月治疗...",
    "label": "1"
  },
  {
    "id": "s3",
    "query": "怀孕可以空腹吃葡萄吗",
    "title": "怀孕四个月，今早空腹吃了葡萄，然后肚子就一直胀胀的...",
    "label": "1"
  }
]
