{
    "10115809": {
        "1": "O O O O O O O O O O O",
        "2": "O O O O O O O O O O O B-Symptom I-Symptom",
        "3": "O O O O O O",
        "4": "O O O O O O",
        "5": "O O O",
        "6": "O O O B-Symptom I-Symptom I-Symptom O O O B-Symptom I-Symptom O O O",
        "7": "O O O O B-Symptom I-Symptom",
        "8": "O O O O O O",
        "9": "B-Medical_Examination B-Medical_Examination I-Medical_Examination I-Medical_Examination I-Medical_Examination O O",
        "10": "O O",
        "11": "B-Medical_Examination I-Medical_Examination B-Medical_Examination I-Medical_Examination O O O O O",
        "12": "O O O O O O O O B-Symptom I-Symptom O O O",
        "13": "O O",
        "14": "O O O O O O B-Symptom I-Symptom I-Symptom I-Symptom O O O O O O B-Symptom I-Symptom I-Symptom I-Symptom I-Symptom O B-Symptom I-Symptom I-Symptom I-Symptom I-Symptom O O O O O O",
        "15": "O O O O B-Symptom I-Symptom I-Symptom I-Symptom",
        "16": "O",
        "17": "O O O O O O O O O O B-Symptom I-Symptom",
        "18": "O O O O B-Symptom I-Symptom I-Symptom I-Symptom",
        "19": "B-Medical_Examination I-Medical_Examination O O O",
        "20": "O O O O O O O O O O O O O O O O O O O",
        "21": "O O O O O O O O O O O",
        "22": "O O O O O O O O O O",
        "23": "O B-Drug I-Drug I-Drug O",
        "24": "O O O O O O O O O O O O O O O O O O",
        "25": "O O B-Drug I-Drug I-Drug O O O O O O O O O O O O",
        "26": "O O O O O O O",
        "27": "O O O O O O O O B-Medical_Examination I-Medical_Examination I-Medical_Examination I-Medical_Examination",
        "28": "O",
        "29": "O O O O B-Symptom I-Symptom O O O O O O O O O O O O O O O",
        "30": "O O O O",
        "31": "O O O O O O O O O O O O O O O O B-Drug I-Drug I-Drug",
        "32": "O O O O O O O O O O O O B-Drug I-Drug I-Drug",
        "33": "O O B-Medical_Examination I-Medical_Examination O",
        "34": "O O O O O O O O O O O O O",
        "35": "O O O O B-Medical_Examination I-Medical_Examination I-Medical_Examination I-Medical_Examination I-Medical_Examination I-Medical_Examination O O O B-Medical_Examination I-Medical_Examination I-Medical_Examination I-Medical_Examination I-Medical_Examination",
        "36": "O",
        "37": "O O O O O O O O",
        "38": "O O O O O O O O O O O O O O O O O O O O O O O O O",
        "39": "O",
        "40": "O O O O O O O O O O O O O O O O O O O O O O O O O",
        "41": "O",
        "42": "O O O B-Medical_Examination I-Medical_Examination O O",
        "43": "O O O O O O O O O O O B-Medical_Examination I-Medical_Examination O",
        "44": "O O O O O O O O O O O",
        "45": "O O O O O O O O O O O O O O O O O O O",
        "46": "O O",
        "47": "O",
        "48": "O O O O O O O O O O O O O O O O O O O O O O O O O",
        "49": "O O",
        "50": "O O O O O O O O O O B-Symptom I-Symptom I-Symptom I-Symptom O O O O O O O O B-Symptom I-Symptom",
        "51": "O O",
        "52": "O O O",
        "53": "O O O",
        "54": "O O O O O O O",
        "55": "O O O O O O",
        "56": "O O",
        "57": "O O O O O O O",
        "58": "O O",
        "59": "O O"
    }
}
