{
  "10035922": {
    "1": "Request-Symptom",
    "2": "Request-Symptom",
    "3": "Inform-Symptom",
    "4": "Request-Symptom",
    "5": "Request-Symptom",
    "6": "Request-Existing_Examination_and_Treatment",
    "7": "Request-Symptom",
    "8": "Request-Symptom",
    "9": "Diagnose",
    "10": "Request-Symptom",
    "11": "Request-Symptom",
    "12": "Request-Symptom",
    "13": "Inform-Symptom",
    "14": "Inform-Symptom",
    "15": "Request-Symptom",
    "16": "Request-Symptom",
    "17": "Request-Symptom",
    "18": "Request-Symptom",
    "19": "Inform-Symptom",
    "20": "Request-Symptom",
    "21": "Inform-Existing_Examination_and_Treatment",
    "22": "Inform-Etiology",
    "23": "Request-Symptom",
    "24": "Request-Symptom",
    "25": "Request-Symptom",
    "26": "Request-Symptom",
    "27": "Request-Symptom",
    "28": "Inform-Medical_Advice",
    "29": "Request-Symptom",
    "30": "Request-Symptom",
    "31": "Request-Symptom",
    "32": "Request-Symptom"
  },
  "10708561": {
    "1": "Other",
    "2": "Request-Basic_Information",
    "3": "Inform-Basic_Information",
    "4": "Request-Symptom",
    "5": "Inform-Basic_Information",
    "6": "Request-Symptom",
    "7": "Inform-Symptom",
    "8": "Request-Symptom",
    "9": "Inform-Basic_Information",
    "10": "Request-Symptom",
    "11": "Inform-Basic_Information",
    "12": "Request-Symptom",
    "13": "Request-Symptom",
    "14": "Request-Symptom",
    "15": "Request-Precautions",
    "16": "Inform-Precautions",
    "17": "Request-Symptom",
    "18": "Inform-Symptom",
    "19": "Request-Symptom",
    "20": "Request-Symptom",
    "21": "Request-Existing_Examination_and_Treatment",
    "22": "Request-Symptom",
    "23": "Request-Symptom",
    "24": "Inform-Existing_Examination_and_Treatment",
    "25": "Request-Symptom",
    "26": "Inform-Symptom",
    "27": "Request-Symptom",
    "28": "Other",
    "29": "Request-Symptom",
    "30": "Request-Symptom",
    "31": "Request-Symptom",
    "32": "Request-Symptom",
    "33": "Request-Symptom",
    "34": "Inform-Symptom",
    "35": "Request-Symptom",
    "36": "Request-Symptom",
    "37": "Diagnose",
    "38": "Request-Symptom",
    "39": "Other",
    "40": "Request-Symptom",
    "41": "Request-Symptom",
    "42": "Request-Symptom",
    "44": "Request-Symptom",
    "45": "Request-Symptom",
    "46": "Inform-Medical_Advice"
  }
}
