{
  "10035922": {
    "1": "O O O O O O B-Symptom I-Symptom O O O O O O O O O O O O",
    "2": "O O O O O O O O I-Symptom I-Symptom O I-Symptom",
    "3": "O I-Symptom",
    "4": "O O O O O O O O O O I-Symptom O O O O O O O",
    "5": "O O O O O",
    "6": "O O O O O O O B-Medical_Examination O O",
    "7": "O O O B-Medical_Examination O O O B-Medical_Examination I-Medical_Examination O O O",
    "8": "O O O O O O O O O O",
    "9": "O O O O O O O O O O O O O O O O B-Symptom I-Symptom I-Symptom I-Symptom O I-Symptom O O O O O O O O O O O O",
    "10": "O O O O O O O O B-Symptom I-Symptom O O O O O O O O O B-Symptom I-Symptom O I-Symptom O O O O O O O O O O B-Symptom O O O O O",
    "11": "O O O O O O",
    "12": "O O O O O O B-Symptom I-Symptom O O O O O O O I-Symptom O O",
    "13": "O B-Symptom O O O O O O O O O O O O O B-Symptom O O O O O O O O O B-Symptom O O O O O O O O O O O",
    "14": "O O O O",
    "15": "O O O O O O O B-Symptom I-Symptom O B-Symptom I-Symptom I-Symptom O O O O",
    "16": "O O O O O O O O O O O O O O",
    "17": "O O O O O O O B-Symptom O B-Symptom I-Symptom O I-Symptom O O O O O O O O O O",
    "18": "O O O O O O O O I-Symptom O O O O O O O O B-Medical_Examination O",
    "19": "O O O O O O O O O O O O B-Symptom I-Symptom O O I-Symptom O",
    "20": "O O O O O O O O O O O O O O O O I-Medical_Examination O O O O O O O O O O O O O O O O O O O O O O O O I-Symptom O I-Symptom O O O B-Symptom O I-Symptom O O O O O",
    "21": "O O O O O O O O O O O O O I-Symptom O O O O O O O O O O O O O O O O O O O O O O O O O O O O O O O O O O",
    "22": "B-Symptom I-Symptom I-Symptom I-Symptom I-Symptom O O I-Symptom I-Symptom I-Symptom O O O O O O O O O O O O O O O O O O O O O O O O O O O O O O O O O O O O O O O O O O O O O I-Symptom O I-Symptom I-Symptom O",
    "23": "O O O O O O O O O O I-Drug_Category",
    "24": "O O O O O O O O O O O O O O O O O O O O O O O",
    "25": "B-Drug_Category O O O O O O O O O O O O O O O O O O O O O O O O O O O O O O O O O O O O O O O O O O O O O O O",
    "26": "O O O O O O O O",
    "27": "O O O",
    "28": "O O O O O O I-Medical_Examination I-Medical_Examination O B-Medical_Examination I-Medical_Examination",
    "29": "O O O O O O O",
    "30": "O O O",
    "31": "O O O O O O O O O",
    "32": "O O O"
  },
  "10708561": {
    "1": "O O O O O O O O O O",
    "2": "O O O O O O",
    "3": "O O O",
    "4": "O O O O O O O O O O O O",
    "5": "O O",
    "6": "O O O O O O O O O O O O O",
    "7": "O O O O O O O O O O",
    "8": "O O O O O O O O O O O O O O O O O O O O",
    "9": "O O O",
    "10": "O O O O O O O O O",
    "11": "O O O O O O O O O O",
    "12": "O O O O O O O O O O O",
    "13": "O O O O O O O O O O O O O O",
    "14": "O O O O O O I-Symptom O O O O O I-Symptom I-Symptom O O O O O O O O O O O O O",
    "15": "O O O O",
    "16": "O O O O O O O O O O O O O O O O O",
    "17": "O O O O O O O O O O O O",
    "18": "O O O O O O O O",
    "19": "O O O O O O O",
    "20": "O O O O I-Drug O O O O O O O",
    "21": "B-Drug I-Drug I-Drug O O O O O",
    "22": "O O O O O O O O O O O O O O",
    "23": "O I-Drug O O O O O O O O O O O O O",
    "24": "O O",
    "25": "O O O O O O O O O O O O O O",
    "26": "O O O I-Symptom O O O",
    "27": "O O O O O O",
    "28": "O O O O O O O O O O O O O I-Medical_Examination O O O O O O O O O O O O O O O O O O O",
    "29": "O O O O O O",
    "30": "O O O O O O O O O O O O O O O B-Symptom I-Symptom O O O O O B-Symptom O B-Symptom I-Symptom O O O",
    "31": "O O O O O O O O O O O O O O",
    "32": "O O O",
    "33": "O O O O O O O O O O O O O O O O O O",
    "34": "O O O O O O",
    "35": "O O",
    "36": "O O O O O O O O O O O O O O O O O O O",
    "37": "O O O O O O O O O O O O O O O O O I-Symptom I-Symptom O O O O O O O I-Symptom I-Symptom O O O O O O O O O O O O O O O O O O O O O O O O O O O O O O O O O O O O O O O O O O O O O",
    "38": "O O O O O O",
    "39": "O O O O O O O O O O O O O O O",
    "40": "O O O O O O O O O O O O O O O O O O O O O O O O O O O O O O O O O O O O O O O O O O O O O O O O O O O O O O O O O O O O O O I-Symptom O O O O O O O O I-Symptom O O O O O O O O O O O O O O O O O B-Symptom I-Symptom O O O O O O O O O O O O O O O O O O O O O O O O O I-Drug_Category O O O O",
    "41": "O O O O O O O O O O O O O O O O O O O O O O O O O O O O O O O O O O O O O O O O O O O O O O O O O O O O O O O O O O O O O O O O O O O O O O O O O O O O O O O O O O O O O O O O O O O O O O O O O O O O O O O O O O O O O O O O O",
    "42": "O O O O I-Drug_Category O O O O O O O O O O O O O O O O O O O O O O O O O O O O O O O O O O B-Medical_Examination I-Medical_Examination O I-Medical_Examination O O O O O O O O O O O O O O O O O O O O O O O O O B-Symptom I-Symptom O O I-Symptom O O O O O O O O O O O O O O O O O O O O O O O O B-Operation O O O O O O O O O O O B-Symptom O B-Symptom O O I-Symptom O O O",
    "44": "O O O",
    "45": "O O O O O O O I-Symptom I-Symptom O O O O O O",
    "46": "O O O O O O O O O O O O O O O O O O O O O O O O O O I-Drug_Category O O O O O O O O O O O O O O O O O O O O O O O O O O O O O O O O O I-Drug_Category O O O O O O O O O O O O O O O O O O O O O O O O O O O O O"
  }
}
