[
  {
    "id": "1",
    "text1": "糖尿病能吃减肥药吗？能治愈吗？",
    "text2": "糖尿病为什么不能吃减肥药",
    "label": "1",
    "category": "diabetes"
  },
  {
    "id": "2",
    "text1": "有糖尿病和前列腺怎么保健怎样治疗",
    "text2": "患有糖尿病和前列腺怎么办？",
    "label": "0",
    "category": "diabetes"
  },
  {
    "id": "3",
    "text1": "我也是乙肝携带患者，可以办健康证吗在",
    "text2": "乙肝五项化验单怎么看呢",
    "label": "0",
    "category": "hepatitis"
  }
]
